idx,task,label_x,label_y,label_z,label_rx,label_ry,label_rz,label_gripper,pred_x,pred_y,pred_z,pred_rx,pred_ry,pred_rz,pred_gripper,mae_xyz,mae_action,cos_xyz,sign_z_match,sign_gripper_match
0,"Pick up the red rectangular peg, keep it vertical, and insert it into the rectangular slot.",0.0,0.0,-0.07999999821186066,0.0,0.0,0.0,-1.0,0.01091945543885231,0.0009473585523664951,-0.03547889366745949,0.0,0.0,0.010090488009154797,0.9832761287689209,0.01879597268998623,0.29282209277153015,0.955446183681488,True,False
1,"Pick up the red rectangular peg, keep it vertical, and insert it into the rectangular slot.",-3.3721455110935494e-05,1.9560219763348208e-11,-0.07999999821186066,0.0,0.0,0.0,-1.0,0.01360025443136692,0.0027532032690942287,-0.025263486430048943,0.0,0.0,0.007068268023431301,0.989071249961853,0.02370789647102356,0.29532331228256226,0.8762919902801514,True,False
2,"Pick up the red rectangular peg, keep it vertical, and insert it into the rectangular slot.",-0.0004440151678863913,2.954252814602043e-11,-0.07999999821186066,0.0,0.0,0.0,-1.0,0.010731616988778114,0.005928362254053354,-0.048800453543663025,0.0,0.0,0.03275533393025398,0.9861648082733154,0.016101179644465446,0.295317679643631,0.9686621427536011,True,False
3,"Pick up the red rectangular peg, keep it vertical, and insert it into the rectangular slot.",-0.0011278510792180896,7.453418437997072e-11,-0.07999999821186066,0.0,0.0,0.0,-1.0,0.0008727759122848511,-0.010415475815534592,-0.012578662484884262,0.0,0.0,0.0009347964078187943,0.9929155111312866,0.026612477377057076,0.2962411046028137,0.7683011293411255,True,False
4,"Pick up the red rectangular peg, keep it vertical, and insert it into the rectangular slot.",-0.0016008024103939533,1.4631501565887106e-10,-0.07999999821186066,0.0,0.0,0.0,-1.0,0.016237977892160416,0.0009658089838922024,-0.003162937704473734,0.0,0.0,-0.007957550697028637,0.9770623445510864,0.03188055008649826,0.297237366437912,0.17122632265090942,True,False
5,"Pick up the red rectangular peg, keep it vertical, and insert it into the rectangular slot.",-0.0019438250456005335,2.0994170291110947e-10,-0.07999999821186066,0.0,0.0,0.0,-1.0,0.0038583436980843544,-0.0023127817548811436,-0.015335352160036564,0.0,0.0,0.0012907395139336586,0.9844247102737427,0.024259865283966064,0.2940707206726074,0.9534206986427307,True,False
6,"Pick up the red rectangular peg, keep it vertical, and insert it into the rectangular slot.",-0.0022375097032636404,2.714792557423351e-10,-0.07670101523399353,0.0,0.0,0.0,-1.0,0.009654124267399311,0.003387682605534792,-0.06034645438194275,0.0,0.0,0.018466884270310402,0.9949589967727661,0.010544625110924244,0.29215139150619507,0.9809118509292603,True,False
7,"Pick up the red rectangular peg, keep it vertical, and insert it into the rectangular slot.",-0.002483673393726349,3.2801922289493746e-10,-0.06757625192403793,0.0,0.0,0.0,-1.0,0.0063730087131261826,-0.0026172148063778877,-0.03234873712062836,0.0,0.0,0.015529297292232513,0.9852831363677979,0.015567137859761715,0.2925019860267639,0.9703270196914673,True,False
8,"Pick up the red rectangular peg, keep it vertical, and insert it into the rectangular slot.",-0.0026977267116308212,3.820430638512562e-10,-0.059608228504657745,0.0,0.0,0.0,-1.0,0.0018337983638048172,-0.002505444223061204,-0.015139566734433174,0.0,0.0,0.0077199144288897514,0.9797310829162598,0.017168544232845306,0.29127952456474304,0.9732453227043152,True,False
9,"Pick up the red rectangular peg, keep it vertical, and insert it into the rectangular slot.",-0.002907909220084548,4.363760186532062e-10,-0.0526714026927948,0.0,0.0,0.0,-1.0,0.007230731192976236,0.00035967910662293434,-0.03651188686490059,0.0,0.0,0.003655022010207176,0.9952510595321655,0.008885945193469524,0.2893662750720978,0.96870356798172,True,False
10,"Pick up the red rectangular peg, keep it vertical, and insert it into the rectangular slot.",-0.0031164188403636217,4.912660278577619e-10,-0.04663592204451561,0.0,0.0,0.0,-1.0,0.02207576110959053,0.0015795952640473843,-0.03421768546104431,0.0,0.0,0.009121304377913475,0.9989268779754639,0.013063337653875351,0.2924625873565674,0.8016791939735413,True,False
11,"Pick up the red rectangular peg, keep it vertical, and insert it into the rectangular slot.",-0.0033176993019878864,5.461114893634544e-10,-0.04138307645916939,0.0,0.0,0.0,-1.0,0.012412500567734241,-0.0016018783207982779,-0.027305614203214645,0.0,0.0,0.005211523734033108,0.9881154298782349,0.010469846427440643,0.2892480492591858,0.8731293678283691,True,False
12,"Pick up the red rectangular peg, keep it vertical, and insert it into the rectangular slot.",-0.003507697954773903,6.004123864755684e-10,-0.03680979087948799,0.0,0.0,0.0,-1.0,0.003623773343861103,-0.007133289240300655,-0.007214059121906757,0.0,0.0,0.006991252303123474,1.0006102323532104,0.014620165340602398,0.29306602478027344,0.6347113847732544,True,False
13,"Pick up the red rectangular peg, keep it vertical, and insert it into the rectangular slot.",-0.003684877883642912,6.539183083908995e-10,-0.032827477902173996,0.0,0.0,0.0,-1.0,0.012549451552331448,-0.0027041540015488863,-0.02535952627658844,0.0,0.0,0.0030242102220654488,1.0021032094955444,0.008802144788205624,0.29021912813186646,0.837377667427063,True,False
14,"Pick up the red rectangular peg, keep it vertical, and insert it into the rectangular slot.",-0.003849002066999674,7.06528502369963e-10,-0.029359573498368263,0.0,0.0,0.0,-1.0,-0.005434639751911163,-0.006583391223102808,-0.00024653528816998005,0.0,0.0,0.005023173056542873,0.9948614835739136,0.012427356094121933,0.2910238206386566,0.11133921146392822,True,False
15,"Pick up the red rectangular peg, keep it vertical, and insert it into the rectangular slot.",-0.0040002865716814995,7.582025562946626e-10,-0.026339542120695114,0.0,0.0,0.0,-1.0,0.005765852984040976,-0.008693257346749306,-0.004349730908870697,0.0,0.0,0.006795646157115698,0.9981528520584106,0.013483069837093353,0.29219967126846313,0.3038954436779022,True,False
16,"Pick up the red rectangular peg, keep it vertical, and insert it into the rectangular slot.",0.07999999821186066,-0.07999999821186066,-0.02471807971596718,0.0,0.0,0.0,-1.0,0.00549708865582943,-0.0060572754591703415,-0.002475605346262455,0.0,0.0,0.009844893589615822,1.007350206375122,0.05689603462815285,0.3125547468662262,0.9958008527755737,True,False
17,"Pick up the red rectangular peg, keep it vertical, and insert it into the rectangular slot.",0.07999999821186066,-0.07999999821186066,-0.02404082380235195,0.0,0.0,0.0,-1.0,0.019281957298517227,0.0003992007113993168,-0.024771390482783318,0.0,0.0,0.014739062637090683,0.9908435344696045,0.04728260636329651,0.3067757785320282,0.5800272822380066,True,False
18,"Pick up the red rectangular peg, keep it vertical, and insert it into the rectangular slot.",0.07999999821186066,-0.07999999821186066,-0.021161915734410286,0.0,0.0,0.0,-1.0,0.009748049080371857,-0.003101950278505683,-0.03731120005249977,0.0,0.0,0.011095767840743065,0.9770077466964722,0.05443309247493744,0.3073432445526123,0.4081713855266571,True,False
19,"Pick up the red rectangular peg, keep it vertical, and insert it into the rectangular slot.",0.07999999821186066,-0.07999999821186066,-0.017456937581300735,0.0,0.0,0.0,-1.0,-0.002216714434325695,-0.006390190217643976,-0.025485455989837646,0.0,0.0,0.007324627134948969,0.9925534725189209,0.05461834371089935,0.30910471081733704,0.2580035328865051,True,False
1964,"Pick up the red rectangular peg, keep it vertical, and insert it into the rectangular slot.",-0.0003096882428508252,-0.002409199718385935,-0.0010949407005682588,0.0,0.0,0.07999999821186066,1.0,-0.0026940973475575447,-0.0074453409761190414,-0.0580005869269371,0.0,0.0,0.040852729231119156,1.0023157596588135,0.02144206501543522,0.015112747438251972,0.5275291800498962,True,True
1963,"Pick up the red rectangular peg, keep it vertical, and insert it into the rectangular slot.",-0.0002976425748784095,-0.001927436445839703,-0.0011920648394152522,0.0,0.0,0.07999999821186066,1.0,0.007416960317641497,0.0031614662148058414,-0.02377004362642765,0.0,0.0,-0.008569139055907726,0.9802334308624268,0.011793828569352627,0.020531026646494865,0.34919604659080505,True,True
1962,"Pick up the red rectangular peg, keep it vertical, and insert it into the rectangular slot.",-0.00013271303032524884,-0.0006737877265550196,-0.0010381105821579695,0.0,0.0,0.07999999821186066,1.0,0.011195858009159565,-0.003075850661844015,-0.03768879920244217,0.0,0.0,0.052042048424482346,1.0158687829971313,0.01679377444088459,0.013458293862640858,0.8090106844902039,True,True
1961,"Pick up the red rectangular peg, keep it vertical, and insert it into the rectangular slot.",0.0,0.0,0.0,0.0,0.0,0.07999999821186066,1.0,0.00164109468460083,-0.00596095435321331,-0.013106306083500385,0.0,0.0,0.0033890921622514725,1.006267786026001,0.0069027855060994625,0.014798149466514587,nan,True,True
1960,"Pick up the red rectangular peg, keep it vertical, and insert it into the rectangular slot.",0.00028948421822860837,0.0023792970459908247,0.07999999821186066,0.0,0.0,0.0,1.0,0.011643010191619396,0.0012726434506475925,-0.018102195113897324,0.0,0.0,0.002395154908299446,0.9857732057571411,0.03685412555932999,0.018169190734624863,-0.8355032205581665,False,True
1923,"Pick up the red rectangular peg, keep it vertical, and insert it into the rectangular slot.",0.07999999821186066,0.006142850965261459,0.07999999821186066,0.0,0.0,0.0,1.0,0.0155435586348176,-0.0013238275423645973,-0.045297279953956604,0.0,0.0,0.01840214990079403,0.9901295900344849,0.06574013084173203,0.032213278114795685,-0.4400055706501007,False,True
1958,"Pick up the red rectangular peg, keep it vertical, and insert it into the rectangular slot.",0.00025541739887557924,0.0022897152230143547,0.07999999821186066,0.0,0.0,0.0,1.0,0.009009948000311852,-0.00238079484552145,0.005124575458467007,0.0,0.0,-0.007412220351397991,0.9739652872085571,0.029433488845825195,0.017392484471201897,0.4779474139213562,True,True
1957,"Pick up the red rectangular peg, keep it vertical, and insert it into the rectangular slot.",0.00023597985273227096,0.002242671325802803,0.07999999821186066,0.0,0.0,0.0,1.0,-0.0034008268266916275,-0.002156161703169346,-0.006668588612228632,0.0,0.0,0.007522253319621086,0.9875702857971191,0.031568076461553574,0.016379456967115402,-0.8647437691688538,False,True
1956,"Pick up the red rectangular peg, keep it vertical, and insert it into the rectangular slot.",0.0002148188214050606,0.0021940574515610933,0.07999999821186066,0.0,0.0,0.0,1.0,0.007175877224653959,-0.004156558774411678,-0.022684847936034203,0.0,0.0,0.011334271170198917,0.9957785606384277,0.03866550698876381,0.018793176859617233,-0.9427744150161743,False,True
1955,"Pick up the red rectangular peg, keep it vertical, and insert it into the rectangular slot.",0.00019199639791622758,0.00214385986328125,0.07999999821186066,0.0,0.0,0.0,1.0,0.00930333323776722,-0.0024341659154742956,-0.02281874790787697,0.0,0.0,0.0044648172333836555,0.9822003841400146,0.0388360358774662,0.019824650138616562,-0.9229095578193665,False,True
1953,"Pick up the red rectangular peg, keep it vertical, and insert it into the rectangular slot.",0.00014139851555228233,0.002038512611761689,0.07999999821186066,0.0,0.0,0.0,1.0,0.0014525996521115303,-0.00903230719268322,-0.024012433364987373,0.0,0.0,0.009314475581049919,0.9842716455459595,0.038798149675130844,0.02020532451570034,-0.943027138710022,False,True
1952,"Pick up the red rectangular peg, keep it vertical, and insert it into the rectangular slot.",0.019999999552965164,-0.0009812728967517614,-0.019999999552965164,0.0,0.0,0.07999999821186066,1.0,0.002311311662197113,-0.005259762052446604,-0.025242077186703682,0.0,0.0,0.00804130733013153,0.9926356077194214,0.009069751016795635,0.015218905173242092,0.7591979503631592,True,True
1951,"Pick up the red rectangular peg, keep it vertical, and insert it into the rectangular slot.",0.019999999552965164,-0.0008995623793452978,-0.019999999552965164,0.0,0.0,0.07999999821186066,1.0,0.00365403201431036,-0.005264762789011002,-0.0038370289839804173,0.0,0.0,0.005008630454540253,1.0027166604995728,0.012291379272937775,0.01636888086795807,0.7312012314796448,True,True
1950,"Pick up the red rectangular peg, keep it vertical, and insert it into the rectangular slot.",0.019999999552965164,-0.0008018491207621992,-0.019999999552965164,0.0,0.0,0.07999999821186066,1.0,0.003528689034283161,-0.0030515198595821857,-0.023436512798070908,0.0,0.0,0.009078232571482658,0.9807363748550415,0.007385831791907549,0.016048984602093697,0.8012155294418335,True,True
1949,"Pick up the red rectangular peg, keep it vertical, and insert it into the rectangular slot.",0.019999999552965164,-0.0007224514265544713,-0.019999999552965164,0.0,0.0,0.07999999821186066,1.0,0.003910579718649387,-0.007390184327960014,-0.0003612965811043978,0.0,0.0,-0.023604456335306168,0.9975500106811523,0.014131952077150345,0.021207185462117195,0.3833719491958618,True,True
1948,"Pick up the red rectangular peg, keep it vertical, and insert it into the rectangular slot.",0.019999999552965164,-0.0006314098136499524,-0.019999999552965164,0.0,0.0,0.07999999821186066,1.0,0.012451241724193096,-0.004202952608466148,-0.032600197941064835,0.0,0.0,0.007050467189401388,0.999495267868042,0.007906832732260227,0.013882108964025974,0.9087542295455933,True,True
1888,"Pick up the red rectangular peg, keep it vertical, and insert it into the rectangular slot.",0.019999999552965164,-0.0006314098136499524,-0.019999999552965164,0.0,0.0,0.07999999821186066,1.0,0.00849229097366333,0.001132966484874487,-0.03660145401954651,0.0,0.0,0.004176844842731953,0.9870285987854004,0.009957846254110336,0.01695258542895317,0.8473578095436096,True,True
1899,"Pick up the red rectangular peg, keep it vertical, and insert it into the rectangular slot.",0.0002732774300966412,0.0023352601565420628,0.07999999821186066,0.0,0.0,0.0,1.0,0.005804324988275766,0.00039513222873210907,-0.03545580059289932,0.0,0.0,0.010839039459824562,-0.9338223934173584,0.0409756563603878,0.2953697741031647,-0.9855055212974548,False,False
1898,"Pick up the red rectangular peg, keep it vertical, and insert it into the rectangular slot.",0.00025541739887557924,0.0022897152230143547,0.07999999821186066,0.0,0.0,0.0,1.0,0.012157927267253399,-0.005033941939473152,-0.030896779149770737,0.0,0.0,0.005967309232801199,0.9994957447052002,0.04337431490421295,0.019513500854372978,-0.922785222530365,False,True
1897,"Pick up the red rectangular peg, keep it vertical, and insert it into the rectangular slot.",0.00023597985273227096,0.002242671325802803,0.07999999821186066,0.0,0.0,0.0,1.0,0.009821646846830845,-0.0031588636338710785,-0.0045537399128079414,0.0,0.0,-0.0005173860117793083,0.9945046901702881,0.03318031504750252,0.015079090371727943,-0.4089144170284271,False,True
1896,"Pick up the red rectangular peg, keep it vertical, and insert it into the rectangular slot.",0.0002148188214050606,0.0021940574515610933,0.07999999821186066,0.0,0.0,0.0,1.0,0.01868903450667858,0.004432770889252424,-0.03471922501921654,0.0,0.0,0.03156517073512077,1.000279188156128,0.04514405131340027,0.02389664575457573,-0.8703625798225403,False,True
1895,"Pick up the red rectangular peg, keep it vertical, and insert it into the rectangular slot.",0.00019199639791622758,0.00214385986328125,0.07999999821186066,0.0,0.0,0.0,1.0,0.01082124374806881,0.00047565577551722527,-0.03337046504020691,0.0,0.0,0.009775158017873764,0.9809764623641968,0.04188930615782738,0.02206665836274624,-0.9497015476226807,False,True
1894,"Pick up the red rectangular peg, keep it vertical, and insert it into the rectangular slot.",0.00016749514907132834,0.0020920250099152327,0.07999999821186066,0.0,0.0,0.0,1.0,0.025594253093004227,0.007685292977839708,-0.02385515160858631,0.0,0.0,0.006132578011602163,0.9789019823074341,0.04495839402079582,0.023157967254519463,-0.658607542514801,False,True
1893,"Pick up the red rectangular peg, keep it vertical, and insert it into the rectangular slot.",0.00014139851555228233,0.002038512611761689,0.07999999821186066,0.0,0.0,0.0,1.0,0.008467363193631172,-0.001661126734688878,-0.0011801441432908177,0.0,0.0,-0.0014957813546061516,0.9976919889450073,0.031068580225110054,0.013858504593372345,-0.13860367238521576,False,True
1892,"Pick up the red rectangular peg, keep it vertical, and insert it into the rectangular slot.",0.019999999552965164,-0.0009812728967517614,-0.019999999552965164,0.0,0.0,0.07999999821186066,1.0,0.022632624953985214,-0.0037474012933671474,-0.0035514431074261665,0.0,0.0,-0.01134467963129282,1.0039528608322144,0.007282437290996313,0.016734978184103966,0.8026923537254333,True,True
1891,"Pick up the red rectangular peg, keep it vertical, and insert it into the rectangular slot.",0.019999999552965164,-0.0008995623793452978,-0.019999999552965164,0.0,0.0,0.07999999821186066,1.0,-0.0013316869735717773,-0.005135924089699984,-0.01302324142307043,0.0,0.0,-0.002327193506062031,0.9904336929321289,0.010848268866539001,0.01777690090239048,0.5991978049278259,True,True
1890,"Pick up the red rectangular peg, keep it vertical, and insert it into the rectangular slot.",0.019999999552965164,-0.0008018491207621992,-0.019999999552965164,0.0,0.0,0.07999999821186066,1.0,0.003328699618577957,-0.004447145853191614,-0.008463176898658276,0.0,0.0,0.00968428235501051,0.9959982633590698,0.010617806576192379,0.015167267993092537,0.8357679843902588,True,True
1889,"Pick up the red rectangular peg, keep it vertical, and insert it into the rectangular slot.",0.019999999552965164,-0.0007224514265544713,-0.019999999552965164,0.0,0.0,0.07999999821186066,1.0,0.002263595350086689,-0.005586187820881605,-0.012367804534733295,0.0,0.0,0.00340285524725914,0.9987998008728027,0.010077445767819881,0.015432811342179775,0.7620996832847595,True,True
1900,"Pick up the red rectangular peg, keep it vertical, and insert it into the rectangular slot.",0.00028948421822860837,0.0023792970459908247,0.07999999821186066,0.0,0.0,0.0,1.0,0.01968594640493393,0.0008132276125252247,-0.00800316408276558,0.0,0.0,-0.0008747745305299759,1.002175211906433,0.03632189705967903,0.016002239659428596,-0.37167999148368835,False,True
1887,"Pick up the red rectangular peg, keep it vertical, and insert it into the rectangular slot.",0.019999999552965164,-0.0005559034761972725,-0.019999999552965164,0.0,0.0,0.07999999821186066,1.0,0.00870351679623127,-0.0029488392174243927,-0.01728561334311962,0.0,0.0,0.006561459973454475,1.0052006244659424,0.005467934999614954,0.013577567413449287,0.9415108561515808,True,True
1886,"Pick up the red rectangular peg, keep it vertical, and insert it into the rectangular slot.",0.019999999552965164,-0.0004720890719909221,-0.019999999552965164,0.0,0.0,0.07999999821186066,1.0,0.0114478450268507,-0.003140619955956936,-0.009764736518263817,0.0,0.0,0.004472535103559494,0.9921436309814453,0.00715198228135705,0.014977110549807549,0.9791107773780823,True,True
1885,"Pick up the red rectangular peg, keep it vertical, and insert it into the rectangular slot.",0.019999999552965164,-0.00035206761094741523,-0.019999999552965164,0.0,0.0,0.07999999821186066,1.0,0.008538438938558102,-0.00910954549908638,-0.011400804854929447,0.0,0.0,0.002031068317592144,0.9932093620300293,0.009606078267097473,0.016225401312112808,0.840536892414093,True,True
1884,"Pick up the red rectangular peg, keep it vertical, and insert it into the rectangular slot.",0.019999999552965164,-0.0002701965277083218,-0.019999999552965164,0.0,0.0,0.07999999821186066,1.0,0.011049882508814335,0.0020091147162020206,-0.032139651477336884,0.0,0.0,0.0251772440969944,1.0103280544281006,0.007789693772792816,0.01264569815248251,0.8964197635650635,True,True
1883,"Pick up the red rectangular peg, keep it vertical, and insert it into the rectangular slot.",0.019999999552965164,-0.00015151005936786532,-0.019999999552965164,0.0,0.0,0.07999999821186066,1.0,0.023443110287189484,0.0038791229017078876,-0.02029774710536003,0.0,0.0,0.017200563102960587,0.9997521638870239,0.002590497024357319,0.01011696644127369,0.9890314936637878,True,True
1882,"Pick up the red rectangular peg, keep it vertical, and insert it into the rectangular slot.",0.019999999552965164,-5.384066389524378e-05,-0.019999999552965164,0.0,0.0,0.07999999821186066,1.0,0.015259419567883015,-0.0046687801368534565,-0.023378126323223114,0.0,0.0,0.004469498060643673,0.9983433485031128,0.004244548734277487,0.01284582819789648,0.9655367136001587,True,True
1881,"Pick up the red rectangular peg, keep it vertical, and insert it into the rectangular slot.",0.019999999552965164,3.0858467653160915e-05,-0.019999999552965164,0.0,0.0,0.07999999821186066,1.0,0.006737058982253075,-0.0033397043589502573,-0.02055331878364086,0.0,0.0,0.005101846531033516,0.9870303869247437,0.005728940945118666,0.015007798559963703,0.8815630674362183,True,True
1880,"Pick up the red rectangular peg, keep it vertical, and insert it into the rectangular slot.",0.019999999552965164,0.00015989496023394167,-0.019999999552965164,0.0,0.0,0.07999999821186066,1.0,0.006830120924860239,-0.0008086087182164192,-0.010774783790111542,0.0,0.0,-0.0016992110759019852,0.9975969791412354,0.007787866052240133,0.015352261252701283,0.9734770655632019,True,True
1879,"Pick up the red rectangular peg, keep it vertical, and insert it into the rectangular slot.",0.019999999552965164,0.0002764764067251235,-0.019999999552965164,0.0,0.0,0.07999999821186066,1.0,0.012220404110848904,-0.0009485697373747826,0.004746369551867247,0.0,0.0,-0.01620478928089142,0.988550066947937,0.011250336654484272,0.02020081877708435,0.4013538956642151,False,True
1878,"Pick up the red rectangular peg, keep it vertical, and insert it into the rectangular slot.",0.019999999552965164,0.00038644709275104105,-0.019999999552965164,0.0,0.0,0.07999999821186066,1.0,0.011806591413915157,-0.0021488615311682224,-0.0357402078807354,0.0,0.0,0.02941960096359253,1.007104754447937,0.008822974748909473,0.01202201098203659,0.8909059762954712,True,True
1911,"Pick up the red rectangular peg, keep it vertical, and insert it into the rectangular slot.",0.0001546322600916028,-0.002505103126168251,-0.00030554604018107057,0.0,0.0,0.07999999821186066,1.0,0.009202471002936363,-0.0041029793210327625,-0.022901449352502823,0.0,0.0,0.011470386758446693,0.9891120195388794,0.011080539785325527,0.01609417423605919,0.29558518528938293,True,True
1922,"Pick up the red rectangular peg, keep it vertical, and insert it into the rectangular slot.",0.07999999821186066,0.006391409784555435,0.07999999821186066,0.0,0.0,0.0,1.0,-0.0010662730783224106,0.006486318539828062,-0.042891837656497955,0.0,0.0,0.011858571320772171,0.9834085702896118,0.06801766902208328,0.033214714378118515,-0.7067504525184631,False,True
1921,"Pick up the red rectangular peg, keep it vertical, and insert it into the rectangular slot.",0.07999999821186066,0.006617039907723665,0.07999999821186066,0.0,0.0,0.0,1.0,0.010449837893247604,-0.0018525230698287487,-0.005411841906607151,0.0,0.0,-0.003832823596894741,1.0122416019439697,0.054477185010910034,0.025643710047006607,0.28944578766822815,False,True
1920,"Pick up the red rectangular peg, keep it vertical, and insert it into the rectangular slot.",0.07999999821186066,0.006800659000873566,0.07999999821186066,0.0,0.0,0.0,1.0,0.010800855234265327,0.002413735259324312,-0.04746953770518303,0.0,0.0,0.037138309329748154,0.9750280380249023,0.0670185387134552,0.037595126777887344,-0.5280212163925171,False,True
1919,"Pick up the red rectangular peg, keep it vertical, and insert it into the rectangular slot.",0.07999999821186066,0.006968968082219362,0.07999999821186066,0.0,0.0,0.0,1.0,0.002857103943824768,-0.004887626506388187,-0.02475561946630478,0.0,0.0,0.000944165512919426,0.9994252920150757,0.06458503752946854,0.027896283194422722,-0.620435357093811,False,True
1918,"Pick up the red rectangular peg, keep it vertical, and insert it into the rectangular slot.",0.07999999821186066,0.006664686370640993,0.07999999821186066,0.0,0.0,0.0,1.0,0.003545103594660759,-0.0063741160556674,-0.020340297371149063,0.0,0.0,0.01691785454750061,0.9983605146408081,0.06327799707651138,0.02977018989622593,-0.565995454788208,False,True
1917,"Pick up the red rectangular peg, keep it vertical, and insert it into the rectangular slot.",0.07999999821186066,0.006606486160308123,0.07999999821186066,0.0,0.0,0.0,1.0,0.0023494483903050423,-0.006379871629178524,-0.000667610380332917,0.0,0.0,-0.00086186733096838,1.0027902126312256,0.05710150673985481,0.02499380148947239,0.11934643983840942,False,True
1916,"Pick up the red rectangular peg, keep it vertical, and insert it into the rectangular slot.",0.00044071488082408905,-0.0023884682450443506,0.00011066276056226343,0.0,0.0,0.07999999821186066,1.0,0.004033176228404045,-0.0033605408389121294,-0.02199428901076317,0.0,0.0,0.041382867842912674,0.9832406044006348,0.008889828808605671,0.011720859445631504,0.13405735790729523,False,True
1915,"Pick up the red rectangular peg, keep it vertical, and insert it into the rectangular slot.",0.00038828852120786905,-0.0024095019325613976,3.741863474715501e-05,0.0,0.0,0.07999999821186066,1.0,6.207264959812164e-05,-0.006965210195630789,-0.002219319809228182,0.0,0.0,0.0058759162202477455,0.9921970367431641,0.0023795540910214186,0.012723672203719616,0.9372190833091736,False,True
1914,"Pick up the red rectangular peg, keep it vertical, and insert it into the rectangular slot.",0.00033357361098751426,-0.0024316555354744196,-4.0597580664325505e-05,0.0,0.0,0.07999999821186066,1.0,0.0005074683576822281,-0.00550035247579217,-0.0061821769922971725,0.0,0.0,0.0038221273571252823,1.000386357307434,0.003128057112917304,0.012278342619538307,0.6778653264045715,True,True
1913,"Pick up the red rectangular peg, keep it vertical, and insert it into the rectangular slot.",0.00027647052775137126,-0.002454953035339713,-0.00012360959954094142,0.0,0.0,0.07999999821186066,1.0,0.01097671315073967,-0.003823528764769435,-0.025254899635910988,0.0,0.0,0.002327239140868187,0.9935457706451416,0.012400035746395588,0.017332442104816437,0.22602027654647827,True,True
1912,"Pick up the red rectangular peg, keep it vertical, and insert it into the rectangular slot.",0.00021689616551157087,-0.002479451010003686,-0.0002118439442710951,0.0,0.0,0.07999999821186066,1.0,0.002667916938662529,-0.006222396157681942,-0.012259786017239094,0.0,0.0,0.002455318346619606,0.997875452041626,0.006080636288970709,0.013987304642796516,0.5317965745925903,True,True
1954,"Pick up the red rectangular peg, keep it vertical, and insert it into the rectangular slot.",0.00016749514907132834,0.0020920250099152327,0.07999999821186066,0.0,0.0,0.0,1.0,0.0025702333077788353,-0.001963862217962742,-0.034778449684381485,0.0,0.0,0.008182786405086517,0.9857254028320312,0.040412355214357376,0.020527780055999756,-0.9966762065887451,False,True
1910,"Pick up the red rectangular peg, keep it vertical, and insert it into the rectangular slot.",8.955140219768509e-05,-0.0025317941326647997,-0.00040495808934792876,0.0,0.0,0.07999999821186066,1.0,0.010210640728473663,-0.0004097013734281063,-0.02984633482992649,0.0,0.0,0.012278854846954346,0.9848802089691162,0.013894853182137012,0.017789356410503387,0.17344844341278076,True,True
1909,"Pick up the red rectangular peg, keep it vertical, and insert it into the rectangular slot.",2.1520549125852995e-05,-0.0025589726865291595,-0.0005102315917611122,0.0,0.0,0.07999999821186066,1.0,-0.00024141930043697357,-0.008588640950620174,-0.010257241316139698,0.0,0.0,-0.015500922687351704,0.995785117149353,0.005346538964658976,0.016536489129066467,0.7792166471481323,True,True
1908,"Pick up the red rectangular peg, keep it vertical, and insert it into the rectangular slot.",-4.944764805259183e-05,-0.0025851272512227297,-0.0006214015302248299,0.0,0.0,0.07999999821186066,1.0,0.009265915490686893,-0.0033676119055598974,-0.020969940349459648,0.0,0.0,0.007705224212259054,0.9875729084014893,0.010148796252906322,0.016452606767416,0.34531888365745544,True,True
1907,"Pick up the red rectangular peg, keep it vertical, and insert it into the rectangular slot.",-0.00012270649312995374,-0.002606087364256382,-0.000738174538128078,0.0,0.0,0.07999999821186066,1.0,-0.003626294434070587,-0.003129153046756983,-0.006264879833906889,0.0,0.0,0.0053011830896139145,0.9858602285385132,0.003184452885761857,0.014055991545319557,0.6184744834899902,True,True
1906,"Pick up the red rectangular peg, keep it vertical, and insert it into the rectangular slot.",-0.00019620792591013014,-0.0026108184829354286,-0.0008592995582148433,0.0,0.0,0.07999999821186066,1.0,0.01926877163350582,0.0030135526321828365,-0.03911294788122177,0.0,0.0,0.013591393828392029,0.9840129613876343,0.02111433446407318,0.020819807425141335,0.18234919011592865,True,True
1905,"Pick up the red rectangular peg, keep it vertical, and insert it into the rectangular slot.",-0.00026401245850138366,-0.002570462878793478,-0.0009812767384573817,0.0,0.0,0.07999999821186066,1.0,0.010783703997731209,0.0026057963259518147,-0.0364762544631958,0.0,0.0,0.008059818297624588,0.9877508878707886,0.017239650711417198,0.019415464252233505,0.24907703697681427,True,True
1904,"Pick up the red rectangular peg, keep it vertical, and insert it into the rectangular slot.",-0.0003096882428508252,-0.002409199718385935,-0.0010949407005682588,0.0,0.0,0.07999999821186066,1.0,0.008983595296740532,-0.0010944078676402569,0.004486805759370327,0.0,0.0,-0.028556596487760544,0.9898664951324463,0.005396606866270304,0.01926855929195881,-0.1879437267780304,False,True
1903,"Pick up the red rectangular peg, keep it vertical, and insert it into the rectangular slot.",-0.0002976425748784095,-0.001927436445839703,-0.0011920648394152522,0.0,0.0,0.07999999821186066,1.0,0.008831596001982689,-0.0033278348855674267,-0.021697336807847023,0.0,0.0,0.008488096296787262,0.9914752244949341,0.010344970040023327,0.01586736924946308,0.5482333302497864,True,True
1902,"Pick up the red rectangular peg, keep it vertical, and insert it into the rectangular slot.",-0.00013271303032524884,-0.0006737877265550196,-0.0010381105821579695,0.0,0.0,0.07999999821186066,1.0,0.009524190798401833,-0.006313123740255833,-0.028311770409345627,0.0,0.0,0.00963679701089859,0.9963356256484985,0.014189966954290867,0.0166567824780941,0.8520838618278503,True,True
1901,"Pick up the red rectangular peg, keep it vertical, and insert it into the rectangular slot.",0.0,0.0,0.0,0.0,0.0,0.07999999821186066,1.0,0.007538012694567442,-0.0036175146233290434,-0.026523401960730553,0.0,0.0,0.005306325852870941,0.9915908575057983,0.01255964208394289,0.017254535108804703,nan,True,True
2001,"Pick up the red rectangular peg, keep it vertical, and insert it into the rectangular slot.",0.019999999552965164,3.0858467653160915e-05,-0.019999999552965164,0.0,0.0,0.07999999821186066,1.0,0.006184330675750971,-0.004495368804782629,-0.003949423786252737,0.0,0.0,0.002314021810889244,1.011285662651062,0.01146415714174509,0.01762344315648079,0.8321252465248108,True,True
2012,"Pick up the red rectangular peg, keep it vertical, and insert it into the rectangular slot.",0.019999999552965164,-0.0009812728967517614,-0.019999999552965164,0.0,0.0,0.07999999821186066,1.0,0.0025775711983442307,-0.006450130604207516,0.002766277641057968,0.0,0.0,-0.008897102437913418,1.0009386539459229,0.015219188295304775,0.01935618929564953,0.012075713835656643,False,True
2011,"Pick up the red rectangular peg, keep it vertical, and insert it into the rectangular slot.",0.019999999552965164,-0.0008995623793452978,-0.019999999552965164,0.0,0.0,0.07999999821186066,1.0,0.007824910804629326,-0.004009119234979153,-0.031027816236019135,0.0,0.0,0.0029485132545232773,0.9891172647476196,0.008770820684731007,0.016320955008268356,0.8554123640060425,True,True
2010,"Pick up the red rectangular peg, keep it vertical, and insert it into the rectangular slot.",0.019999999552965164,-0.0008018491207621992,-0.019999999552965164,0.0,0.0,0.07999999821186066,1.0,0.028478505089879036,-0.000786944292485714,-0.015234338119626045,0.0,0.0,-0.0015386007726192474,1.0159354209899902,0.00441969046369195,0.015819013118743896,0.9570595026016235,True,True
2009,"Pick up the red rectangular peg, keep it vertical, and insert it into the rectangular slot.",0.019999999552965164,-0.0007224514265544713,-0.019999999552965164,0.0,0.0,0.07999999821186066,1.0,0.01121724396944046,0.0012412848882377148,-0.043285071849823,0.0,0.0,0.0012705260887742043,0.9974348545074463,0.01134385447949171,0.016475168988108635,0.8605599403381348,True,True
2008,"Pick up the red rectangular peg, keep it vertical, and insert it into the rectangular slot.",0.019999999552965164,-0.0006314098136499524,-0.019999999552965164,0.0,0.0,0.07999999821186066,1.0,0.01575864851474762,-0.008093137294054031,0.0022373043466359377,0.0,0.0,-0.001614975742995739,1.0076465606689453,0.011313460767269135,0.017600273713469505,0.5454321503639221,False,True
2007,"Pick up the red rectangular peg, keep it vertical, and insert it into the rectangular slot.",0.019999999552965164,-0.0005559034761972725,-0.019999999552965164,0.0,0.0,0.07999999821186066,1.0,0.00902397371828556,-0.002474438399076462,0.0003303681733086705,0.0,0.0,0.000780835747718811,1.0039715766906738,0.011074976064264774,0.016630809754133224,0.661625862121582,False,True
2006,"Pick up the red rectangular peg, keep it vertical, and insert it into the rectangular slot.",0.019999999552965164,-0.0004720890719909221,-0.019999999552965164,0.0,0.0,0.07999999821186066,1.0,0.007467355579137802,-0.004529814701527357,-0.005380026064813137,0.0,0.0,0.010494589805603027,0.996474027633667,0.010403447784483433,0.014891675673425198,0.8928502202033997,True,True
2005,"Pick up the red rectangular peg, keep it vertical, and insert it into the rectangular slot.",0.019999999552965164,-0.00035206761094741523,-0.019999999552965164,0.0,0.0,0.07999999821186066,1.0,0.007853329181671143,-0.006458739750087261,-0.0059163616970181465,0.0,0.0,-0.0060077207162976265,1.0009026527404785,0.010778993368148804,0.017035337164998055,0.8344283699989319,True,True
2004,"Pick up the red rectangular peg, keep it vertical, and insert it into the rectangular slot.",0.019999999552965164,-0.0002701965277083218,-0.019999999552965164,0.0,0.0,0.07999999821186066,1.0,0.0036789393052458763,-0.005173471290618181,-0.0019168893340975046,0.0,0.0,0.0028896071016788483,0.9923274517059326,0.013102482073009014,0.0177271980792284,0.6041198372840881,True,True
2003,"Pick up the red rectangular peg, keep it vertical, and insert it into the rectangular slot.",0.019999999552965164,-0.00015151005936786532,-0.019999999552965164,0.0,0.0,0.07999999821186066,1.0,0.0028941500931978226,-0.004583341535180807,-0.030843907967209816,0.0,0.0,-0.0022927401587367058,0.9843052625656128,0.01079386193305254,0.01862415298819542,0.7625545263290405,True,True
2013,"Pick up the red rectangular peg, keep it vertical, and insert it into the rectangular slot.",0.00014139851555228233,0.002038512611761689,0.07999999821186066,0.0,0.0,0.0,1.0,0.004837600514292717,-0.0024587977677583694,-0.009123923256993294,0.0,0.0,0.007683535106480122,0.9868099689483643,0.032772477716207504,0.01702728495001793,-0.8642854690551758,False,True
2000,"Pick up the red rectangular peg, keep it vertical, and insert it into the rectangular slot.",0.019999999552965164,0.00015989496023394167,-0.019999999552965164,0.0,0.0,0.07999999821186066,1.0,0.0005167284980416298,-0.00855089258402586,-0.016665883362293243,0.0,0.0,0.003101806156337261,0.9944374561309814,0.010509391315281391,0.01628413051366806,0.6457999348640442,True,True
1999,"Pick up the red rectangular peg, keep it vertical, and insert it into the rectangular slot.",0.019999999552965164,0.0002764764067251235,-0.019999999552965164,0.0,0.0,0.07999999821186066,1.0,0.01136038452386856,-0.0032284304033964872,-0.017490563914179802,0.0,0.0,0.0013881418853998184,1.0165226459503174,0.004884652327746153,0.015684066340327263,0.9651092290878296,True,True
1998,"Pick up the red rectangular peg, keep it vertical, and insert it into the rectangular slot.",0.019999999552965164,0.00038644709275104105,-0.019999999552965164,0.0,0.0,0.07999999821186066,1.0,0.008532577194273472,-0.00421413779258728,-0.021427275612950325,0.0,0.0,0.0006285253912210464,1.0072383880615234,0.005831761285662651,0.014872163534164429,0.9010366797447205,True,True
1997,"Pick up the red rectangular peg, keep it vertical, and insert it into the rectangular slot.",0.019999999552965164,0.00051017856458202,-0.019999999552965164,0.0,0.0,0.07999999821186066,1.0,0.011429063975811005,-0.005665419157594442,-0.008343467488884926,0.0,0.0,0.0029257526621222496,1.0015172958374023,0.008801021613180637,0.01499923039227724,0.9104043841362,True,True
1996,"Pick up the red rectangular peg, keep it vertical, and insert it into the rectangular slot.",0.019999999552965164,0.0006492042448371649,-0.019999999552965164,0.0,0.0,0.07999999821186066,1.0,0.005131385754793882,-0.007398820482194424,-0.005044041201472282,0.0,0.0,0.010731330141425133,1.0028446912765503,0.012624199502170086,0.015712279826402664,0.6805223822593689,True,True
1995,"Pick up the red rectangular peg, keep it vertical, and insert it into the rectangular slot.",0.019999999552965164,0.0007731603109277785,-0.019999999552965164,0.0,0.0,0.07999999821186066,1.0,0.009352247230708599,-0.0024076951667666435,-0.022142404690384865,0.0,0.0,0.006685190834105015,0.9853060245513916,0.00532367080450058,0.014854256995022297,0.9188319444656372,True,True
1994,"Pick up the red rectangular peg, keep it vertical, and insert it into the rectangular slot.",0.019999999552965164,0.0009153724531643093,-0.019999999552965164,0.0,0.0,0.07999999821186066,1.0,0.0007393853738903999,-0.009720277041196823,-0.009521020576357841,0.0,0.0,0.003874027170240879,1.0042150020599365,0.013458414934575558,0.017245173454284668,0.509082555770874,True,True
1993,"Pick up the red rectangular peg, keep it vertical, and insert it into the rectangular slot.",0.019999999552965164,0.0010971856536343694,-0.019999999552965164,0.0,0.0,0.07999999821186066,1.0,0.00779711501672864,-0.008090754970908165,0.000998449744656682,0.0,0.0,0.008203784003853798,0.9924722909927368,0.01412975788116455,0.017387600615620613,0.39804163575172424,False,True
1992,"Pick up the red rectangular peg, keep it vertical, and insert it into the rectangular slot.",0.019999999552965164,0.0012647181283682585,-0.019999999552965164,0.0,0.0,0.07999999821186066,1.0,0.0022919131442904472,-0.006222957279533148,-0.004857197403907776,0.0,0.0,0.004956025630235672,1.0007944107055664,0.013446186669170856,0.016596706584095955,0.580545961856842,True,True
2023,"Pick up the red rectangular peg, keep it vertical, and insert it into the rectangular slot.",-0.0002976425748784095,-0.001927436445839703,-0.0011920648394152522,0.0,0.0,0.07999999821186066,1.0,0.002971966750919819,-0.004969120025634766,-0.02377888560295105,0.0,0.0,0.007625360041856766,0.9914778470993042,0.009632703848183155,0.015684986487030983,0.6621151566505432,True,True
2033,"Pick up the red rectangular peg, keep it vertical, and insert it into the rectangular slot.",0.00027647052775137126,-0.002454953035339713,-0.00012360959954094142,0.0,0.0,0.07999999821186066,1.0,0.021221823990345,-0.0021136708091944456,0.005445676855742931,0.0,0.0,-0.013216407038271427,0.9922128915786743,0.008951974101364613,0.018265634775161743,0.19070389866828918,False,True
2032,"Pick up the red rectangular peg, keep it vertical, and insert it into the rectangular slot.",0.00021689616551157087,-0.002479451010003686,-0.0002118439442710951,0.0,0.0,0.07999999821186066,1.0,0.00430236104875803,-0.0017611291259527206,-0.029172081500291824,0.0,0.0,0.004316859878599644,0.9766242504119873,0.011254674755036831,0.018974702805280685,0.15557511150836945,True,True
2031,"Pick up the red rectangular peg, keep it vertical, and insert it into the rectangular slot.",0.0001546322600916028,-0.002505103126168251,-0.00030554604018107057,0.0,0.0,0.07999999821186066,1.0,0.010910163633525372,-0.004378349054604769,-0.01974773034453392,0.0,0.0,0.010487432591617107,0.9920072555541992,0.010690320283174515,0.01565375365316868,0.32162827253341675,True,True
2030,"Pick up the red rectangular peg, keep it vertical, and insert it into the rectangular slot.",8.955140219768509e-05,-0.0025317941326647997,-0.00040495808934792876,0.0,0.0,0.07999999821186066,1.0,0.014566737227141857,-0.0022744161542505026,-0.013684693723917007,0.0,0.0,0.011561719700694084,0.9996751546859741,0.00933810044080019,0.01382534671574831,0.24424055218696594,True,True
2029,"Pick up the red rectangular peg, keep it vertical, and insert it into the rectangular slot.",2.1520549125852995e-05,-0.0025589726865291595,-0.0005102315917611122,0.0,0.0,0.07999999821186066,1.0,0.009855393320322037,-0.0007052980363368988,-0.04779743775725365,0.0,0.0,0.00726065319031477,0.9926947355270386,0.019658250734210014,0.019859910011291504,0.20732128620147705,True,True
2028,"Pick up the red rectangular peg, keep it vertical, and insert it into the rectangular slot.",-4.944764805259183e-05,-0.0025851272512227297,-0.0006214015302248299,0.0,0.0,0.07999999821186066,1.0,0.009681765921413898,-0.0030750322621315718,-0.01556828897446394,0.0,0.0,0.0016043847426772118,0.9966083765029907,0.008389335125684738,0.015279320999979973,0.3468267321586609,True,True
2027,"Pick up the red rectangular peg, keep it vertical, and insert it into the rectangular slot.",-0.00012270649312995374,-0.002606087364256382,-0.000738174538128078,0.0,0.0,0.07999999821186066,1.0,0.00809275172650814,-0.004301570355892181,-0.01964234933257103,0.0,0.0,0.009414070285856724,0.9926230907440186,0.009605038911104202,0.01525399275124073,0.4205654263496399,True,True
2026,"Pick up the red rectangular peg, keep it vertical, and insert it into the rectangular slot.",-0.00019620792591013014,-0.0026108184829354286,-0.0008592995582148433,0.0,0.0,0.07999999821186066,1.0,0.008402414619922638,-0.0013557616621255875,-0.013322562910616398,0.0,0.0,0.009716587141156197,0.9940648078918457,0.00743898143991828,0.014076507650315762,0.3061988651752472,True,True
2025,"Pick up the red rectangular peg, keep it vertical, and insert it into the rectangular slot.",-0.00026401245850138366,-0.002570462878793478,-0.0009812767384573817,0.0,0.0,0.07999999821186066,1.0,0.01261900458484888,0.000367484986782074,-0.027985000982880592,0.0,0.0,0.023357316851615906,0.9817034006118774,0.014274896122515202,0.01682342402637005,0.2732198238372803,True,True
2024,"Pick up the red rectangular peg, keep it vertical, and insert it into the rectangular slot.",-0.0003096882428508252,-0.002409199718385935,-0.0010949407005682588,0.0,0.0,0.07999999821186066,1.0,0.010687493719160557,-0.004864614922553301,0.0003684558905661106,0.0,0.0,-8.554290980100632e-05,0.9868977069854736,0.0049719978123903275,0.015443404205143452,0.25578364729881287,False,True
2002,"Pick up the red rectangular peg, keep it vertical, and insert it into the rectangular slot.",0.019999999552965164,-5.384066389524378e-05,-0.019999999552965164,0.0,0.0,0.07999999821186066,1.0,0.010100819170475006,0.00494924234226346,-0.054311543703079224,0.0,0.0,0.011106906458735466,0.9910293817520142,0.01640460267663002,0.018153931945562363,0.8210161924362183,True,True
2022,"Pick up the red rectangular peg, keep it vertical, and insert it into the rectangular slot.",-0.00013271303032524884,-0.0006737877265550196,-0.0010381105821579695,0.0,0.0,0.07999999821186066,1.0,0.028786927461624146,0.005599325988441706,-0.04119003936648369,0.0,0.0,0.005621863529086113,1.000498652458191,0.025114893913269043,0.021460209041833878,0.5587664246559143,True,True
2021,"Pick up the red rectangular peg, keep it vertical, and insert it into the rectangular slot.",0.0,0.0,0.0,0.0,0.0,0.07999999821186066,1.0,-0.0018397653475403786,0.007539019454270601,-0.04328177124261856,0.0,0.0,0.010650823824107647,0.9834728240966797,0.01755351759493351,0.01979098655283451,nan,True,True
2020,"Pick up the red rectangular peg, keep it vertical, and insert it into the rectangular slot.",0.00028948421822860837,0.0023792970459908247,0.07999999821186066,0.0,0.0,0.0,1.0,0.011192898266017437,-0.004433963447809219,-0.01670396700501442,0.0,0.0,0.002199450507760048,0.9950469732284546,0.03814021125435829,0.017367588356137276,-0.8153228759765625,False,True
2019,"Pick up the red rectangular peg, keep it vertical, and insert it into the rectangular slot.",0.0002732774300966412,0.0023352601565420628,0.07999999821186066,0.0,0.0,0.0,1.0,0.005266192369163036,-0.006500082090497017,-0.028020789846777916,0.0,0.0,0.010765640996396542,0.9946746826171875,0.04061634838581085,0.019705714657902718,-0.9636648297309875,False,True
2018,"Pick up the red rectangular peg, keep it vertical, and insert it into the rectangular slot.",0.00025541739887557924,0.0022897152230143547,0.07999999821186066,0.0,0.0,0.0,1.0,0.003164771944284439,-0.00716429715976119,0.0026132026687264442,0.0,0.0,-0.004952128045260906,0.9791057109832764,0.02991672046482563,0.016513796523213387,0.292765349149704,True,True
2017,"Pick up the red rectangular peg, keep it vertical, and insert it into the rectangular slot.",0.00023597985273227096,0.002242671325802803,0.07999999821186066,0.0,0.0,0.0,1.0,0.015841228887438774,0.003351160790771246,-0.023565145209431648,0.0,0.0,0.021935321390628815,0.9829274415969849,0.04009296000003815,0.022755252197384834,-0.8189471960067749,False,True
2016,"Pick up the red rectangular peg, keep it vertical, and insert it into the rectangular slot.",0.0002148188214050606,0.0021940574515610933,0.07999999821186066,0.0,0.0,0.0,1.0,0.010386653244495392,0.0003461274318397045,-0.0238700769841671,0.0,0.0,0.012735748663544655,0.9985299110412598,0.03862994909286499,0.018585098907351494,-0.9150882363319397,False,True
2015,"Pick up the red rectangular peg, keep it vertical, and insert it into the rectangular slot.",0.00019199639791622758,0.00214385986328125,0.07999999821186066,0.0,0.0,0.0,1.0,0.006993705406785011,-0.004739027936011553,-0.014662306755781174,0.0,0.0,0.007011074107140303,0.9849705696105957,0.03611563518643379,0.018626773729920387,-0.8726621866226196,False,True
2014,"Pick up the red rectangular peg, keep it vertical, and insert it into the rectangular slot.",0.00016749514907132834,0.0020920250099152327,0.07999999821186066,0.0,0.0,0.0,1.0,5.051959306001663e-05,-0.01017913967370987,0.0028813164681196213,0.0,0.0,0.006280981469899416,0.9947090148925781,0.02983560599386692,0.01443982683122158,0.24712035059928894,True,True
1978,"Pick up the red rectangular peg, keep it vertical, and insert it into the rectangular slot.",0.07999999821186066,0.006664686370640993,0.07999999821186066,0.0,0.0,0.0,1.0,0.00493263266980648,-0.005758930463343859,-0.011732988990843296,0.0,0.0,0.009644446894526482,0.9856535196304321,0.059741321951150894,0.029030699282884598,-0.36785537004470825,False,True
1986,"Pick up the red rectangular peg, keep it vertical, and insert it into the rectangular slot.",0.019999999552965164,0.00539487786591053,0.019999999552965164,0.0,0.0,0.07999999821186066,1.0,0.008742045611143112,-0.0014103055000305176,-0.018343809992074966,0.0,0.0,0.01038452424108982,0.9926379919052124,0.01880231499671936,0.019054919481277466,-0.3403887152671814,False,True
1985,"Pick up the red rectangular peg, keep it vertical, and insert it into the rectangular slot.",0.07999999821186066,0.005637634079903364,0.07999999821186066,0.0,0.0,0.0,1.0,0.014933568425476551,0.0026003564707934856,-0.03178463876247406,0.0,0.0,0.022692689672112465,0.99024498462677,0.05996277928352356,0.03033372201025486,-0.3342782258987427,False,True
1984,"Pick up the red rectangular peg, keep it vertical, and insert it into the rectangular slot.",0.07999999821186066,0.00588992377743125,0.07999999821186066,0.0,0.0,0.0,1.0,0.018897075206041336,-0.0035939193330705166,-0.0010294632520526648,0.0,0.0,0.004309977404773235,0.9809567928314209,0.05053873732686043,0.024995628744363785,0.6452873349189758,False,True
1983,"Pick up the red rectangular peg, keep it vertical, and insert it into the rectangular slot.",0.07999999821186066,0.006142850965261459,0.07999999821186066,0.0,0.0,0.0,1.0,0.0114367650821805,-0.0035166151355952024,-0.004274948034435511,0.0,0.0,0.0022569820284843445,1.0078505277633667,0.054165881127119064,0.024657879024744034,0.3829750716686249,False,True
1982,"Pick up the red rectangular peg, keep it vertical, and insert it into the rectangular slot.",0.07999999821186066,0.006391409784555435,0.07999999821186066,0.0,0.0,0.0,1.0,0.0035247281193733215,-0.004044299013912678,-0.03411861136555672,0.0,0.0,0.03774139657616615,1.0078085660934448,0.06700985878705978,0.03522564843297005,-0.6319687962532043,False,True
1981,"Pick up the red rectangular peg, keep it vertical, and insert it into the rectangular slot.",0.07999999821186066,0.006617039907723665,0.07999999821186066,0.0,0.0,0.0,1.0,0.00906640850007534,-0.0004467274993658066,-0.006647543050348759,0.0,0.0,-0.011330428533256054,0.9873265027999878,0.05488163232803345,0.02694983221590519,0.14944162964820862,False,True
1980,"Pick up the red rectangular peg, keep it vertical, and insert it into the rectangular slot.",0.07999999821186066,0.006800659000873566,0.07999999821186066,0.0,0.0,0.0,1.0,0.01333638560026884,-0.005037248134613037,-0.004024074412882328,0.0,0.0,-0.0032889200374484062,1.0042723417282104,0.05417519807815552,0.02429812215268612,0.42332229018211365,False,True
1979,"Pick up the red rectangular peg, keep it vertical, and insert it into the rectangular slot.",0.07999999821186066,0.006968968082219362,0.07999999821186066,0.0,0.0,0.0,1.0,0.008028107695281506,-0.0010554571636021137,-0.021238742396235466,0.0,0.0,0.011734367348253727,1.0014561414718628,0.060411687940359116,0.027775080874562263,-0.4130482077598572,False,True
1990,"Pick up the red rectangular peg, keep it vertical, and insert it into the rectangular slot.",-0.00015775715291965753,-0.0001022507858579047,-0.00017525037401355803,0.0,0.0,0.07999999821186066,1.0,0.01000217068940401,3.711460158228874e-05,-0.03023623675107956,0.0,0.0,0.016551049426198006,0.9855830669403076,0.013453426770865917,0.016889451071619987,0.4541347622871399,True,True
1977,"Pick up the red rectangular peg, keep it vertical, and insert it into the rectangular slot.",0.07999999821186066,0.006606486160308123,0.07999999821186066,0.0,0.0,0.0,1.0,0.012975383549928665,0.006827167700976133,-0.03626711666584015,0.0,0.0,0.007000111509114504,0.9941805601119995,0.061170805245637894,0.02804742567241192,-0.41012969613075256,False,True
1976,"Pick up the red rectangular peg, keep it vertical, and insert it into the rectangular slot.",0.00044071488082408905,-0.0023884682450443506,0.00011066276056226343,0.0,0.0,0.07999999821186066,1.0,0.004725027829408646,-0.002018512925133109,-0.025323260575532913,0.0,0.0,0.007812677882611752,0.9835460186004639,0.01002939697355032,0.0169613566249609,0.06528165191411972,False,True
1975,"Pick up the red rectangular peg, keep it vertical, and insert it into the rectangular slot.",0.00038828852120786905,-0.0024095019325613976,3.741863474715501e-05,0.0,0.0,0.07999999821186066,1.0,0.0031899763271212578,-0.007129359524697065,-0.008059589192271233,0.0,0.0,0.009828820824623108,0.991270899772644,0.005206184461712837,0.013502690009772778,0.6612741947174072,False,True
1974,"Pick up the red rectangular peg, keep it vertical, and insert it into the rectangular slot.",0.00033357361098751426,-0.0024316555354744196,-4.0597580664325505e-05,0.0,0.0,0.07999999821186066,1.0,0.005767080467194319,-0.007724940311163664,-0.029267022386193275,0.0,0.0,0.004105193540453911,0.9943010807037354,0.01331773865967989,0.01736384816467762,0.2894778549671173,True,True
1973,"Pick up the red rectangular peg, keep it vertical, and insert it into the rectangular slot.",0.00027647052775137126,-0.002454953035339713,-0.00012360959954094142,0.0,0.0,0.07999999821186066,1.0,0.012003397569060326,0.0010004108771681786,-0.030198177322745323,0.0,0.0,0.005630774423480034,0.9913007020950317,0.015085619874298573,0.01833219639956951,0.057142771780490875,True,True
1972,"Pick up the red rectangular peg, keep it vertical, and insert it into the rectangular slot.",0.00021689616551157087,-0.002479451010003686,-0.0002118439442710951,0.0,0.0,0.07999999821186066,1.0,0.007600142154842615,-0.0008065411821007729,-0.030207671225070953,0.0,0.0,0.010823133401572704,0.9794642925262451,0.013017327524721622,0.018394935876131058,0.12908931076526642,True,True
1971,"Pick up the red rectangular peg, keep it vertical, and insert it into the rectangular slot.",0.0001546322600916028,-0.002505103126168251,-0.00030554604018107057,0.0,0.0,0.07999999821186066,1.0,0.009234985336661339,0.00020732078701257706,-0.02185634896159172,0.0,0.0,0.0009036250412464142,0.9879320859909058,0.01111452654004097,0.017786839976906776,0.12645821273326874,True,True
1991,"Pick up the red rectangular peg, keep it vertical, and insert it into the rectangular slot.",0.019999999552965164,0.0013955164467915893,-0.019999999552965164,0.0,0.0,0.07999999821186066,1.0,0.008895657025277615,-0.003503614105284214,0.0011299597099423409,0.0,0.0,-0.00407064612954855,0.9942289590835571,0.012377810664474964,0.018139302730560303,0.551749050617218,False,True
1987,"Pick up the red rectangular peg, keep it vertical, and insert it into the rectangular slot.",0.019999999552965164,0.004625069443136454,0.019999999552965164,0.0,0.0,0.07999999821186066,1.0,0.010580981150269508,-0.0033892286010086536,-0.016260037198662758,0.0,0.0,0.007894259877502918,0.9823371171951294,0.01789778470993042,0.02049456723034382,-0.2290104180574417,False,True
1989,"Pick up the red rectangular peg, keep it vertical, and insert it into the rectangular slot.",0.0,0.0,0.0,0.0,0.0,0.07999999821186066,1.0,0.030206598341464996,0.0018248530104756355,-0.03793244808912277,0.0,0.0,0.005865886807441711,0.9936039447784424,0.023321300745010376,0.021499153226614,nan,True,True
1988,"Pick up the red rectangular peg, keep it vertical, and insert it into the rectangular slot.",0.019999999552965164,0.002161906799301505,0.019999999552965164,0.0,0.0,0.07999999821186066,1.0,0.010603750124573708,0.0009552924893796444,-0.021785801276564598,0.0,0.0,0.008410444483160973,1.0023812055587769,0.01746288686990738,0.01805134490132332,-0.3221317529678345,False,True
4473,"Pick up the red rectangular peg, keep it vertical, and insert it into the rectangular slot.",-0.0035441904328763485,-0.0004924550885334611,-0.0424472950398922,0.0,0.0,0.0,-1.0,0.0035871844738721848,-0.0013378802686929703,-0.002032151212915778,0.0,0.0,0.0076238601468503475,0.9952143430709839,0.01613064855337143,0.2930328845977783,0.40189129114151,True,False
2706,"Pick up the red rectangular peg, keep it vertical, and insert it into the rectangular slot.",-0.00014328407996799797,0.00010679534170776606,0.00039119183202274144,0.0,0.0,0.0,-1.0,0.010679918341338634,0.00030977092683315277,-0.0203090850263834,0.0,0.0,0.007354636210948229,0.988955020904541,0.010575485415756702,0.28971943259239197,-0.9566810727119446,False,False
5905,"Pick up the red rectangular peg, keep it vertical, and insert it into the rectangular slot.",-0.00024348356237169355,-0.0031086697708815336,-0.011345135979354382,0.0,0.0,0.0,1.0,0.007960716262459755,-0.005304057151079178,-0.01949913427233696,0.0,0.0,0.00588956568390131,0.999872088432312,0.006184528116136789,0.0035101515240967274,0.9226205945014954,True,True
4862,"Pick up the red rectangular peg, keep it vertical, and insert it into the rectangular slot.",-0.00024348356237169355,-0.0031086697708815336,-0.011345135979354382,0.0,0.0,0.0,1.0,5.819275975227356e-05,-0.0010127942077815533,-0.01760227419435978,0.0,0.0,0.006488380488008261,0.9850324392318726,0.002884896704927087,0.00430151866748929,0.9777541160583496,True,True
2433,"Pick up the red rectangular peg, keep it vertical, and insert it into the rectangular slot.",0.019999999552965164,0.0008076824015006423,-0.019999999552965164,0.0,0.0,-0.001843047677539289,1.0,0.012640677392482758,0.00018127402290701866,-0.0391436442732811,0.0,0.0,0.027426209300756454,1.0041556358337402,0.009043124504387379,0.008650609292089939,0.8899421691894531,True,True
393,"Pick up the red rectangular peg, keep it vertical, and insert it into the rectangular slot.",-0.006101209670305252,-0.0031857204157859087,-0.036314431577920914,0.0,0.0,0.0,1.0,0.007002234924584627,-0.007395402528345585,-0.02783248759806156,0.0,0.0,0.007020146586000919,0.9913321733474731,0.008598356507718563,0.005926149431616068,0.905182957649231,True,True
2853,"Pick up the red rectangular peg, keep it vertical, and insert it into the rectangular slot.",0.019999999552965164,0.0008076824015006423,-0.019999999552965164,0.0,0.0,-0.001843047677539289,1.0,0.001650916412472725,-0.00960945338010788,-0.0008845103438943624,0.0,0.0,0.005753335542976856,0.9956988096237183,0.01596056856215,0.00853989738970995,0.15503062307834625,True,True
2406,"Pick up the red rectangular peg, keep it vertical, and insert it into the rectangular slot.",-0.00014328407996799797,0.00010679534170776606,0.00039119183202274144,0.0,0.0,0.0,-1.0,0.007613246329128742,-0.002387759042903781,-0.0311929639428854,0.0,0.0,0.008278602734208107,0.9762440919876099,0.0139450803399086,0.28947970271110535,-0.9784054160118103,False,False
5425,"Pick up the red rectangular peg, keep it vertical, and insert it into the rectangular slot.",-0.00024348356237169355,-0.0031086697708815336,-0.011345135979354382,0.0,0.0,0.0,1.0,0.014640489593148232,0.0020538335666060448,-0.001265504863113165,0.0,0.0,-0.003219946287572384,0.9972783327102661,0.010042035952210426,0.005152531433850527,0.02524859644472599,True,True
2613,"Pick up the red rectangular peg, keep it vertical, and insert it into the rectangular slot.",0.019999999552965164,0.0008076824015006423,-0.019999999552965164,0.0,0.0,-0.001843047677539289,1.0,0.009937245398759842,-0.004686505533754826,0.0020898350048810244,0.0,0.0,0.0031874338164925575,0.9880939722061157,0.012548926286399364,0.007797612808644772,0.4839925169944763,False,True
3873,"Pick up the red rectangular peg, keep it vertical, and insert it into the rectangular slot.",0.00011389712744858116,0.001983292866498232,0.07999999821186066,0.0,0.0,0.0,1.0,0.004850381053984165,-0.004633212927728891,-0.028487486764788628,0.0,0.0,0.008367774076759815,1.0008018016815186,0.03994682431221008,0.018430007621645927,-0.9767688512802124,False,True
5785,"Pick up the red rectangular peg, keep it vertical, and insert it into the rectangular slot.",-0.00024348356237169355,-0.0031086697708815336,-0.011345135979354382,0.0,0.0,0.0,1.0,4.222895950078964e-05,-0.008834272623062134,-0.011245373636484146,0.0,0.0,0.007317699491977692,0.9857970476150513,0.0020370257552713156,0.003947389777749777,0.9214014410972595,True,True
2793,"Pick up the red rectangular peg, keep it vertical, and insert it into the rectangular slot.",0.019999999552965164,0.0008076824015006423,-0.019999999552965164,0.0,0.0,-0.001843047677539289,1.0,0.01316708792001009,0.00010288320481777191,-0.026341592893004417,0.0,0.0,0.010357401333749294,0.996996283531189,0.00462643476203084,0.004154781345278025,0.9483550786972046,True,True
4982,"Pick up the red rectangular peg, keep it vertical, and insert it into the rectangular slot.",-0.00024348356237169355,-0.0031086697708815336,-0.011345135979354382,0.0,0.0,0.0,1.0,0.01288455817848444,-0.0018395993392914534,-0.023766910657286644,0.0,0.0,0.009340483695268631,1.0077416896820068,0.00893962848931551,0.006271579768508673,0.8538308143615723,True,True
4682,"Pick up the red rectangular peg, keep it vertical, and insert it into the rectangular slot.",-0.00024348356237169355,-0.0031086697708815336,-0.011345135979354382,0.0,0.0,0.0,1.0,0.008328981697559357,-0.00839467253535986,-0.0071593355387449265,0.0,0.0,0.006996834184974432,1.0098577737808228,0.0060147554613649845,0.004985553678125143,0.647355854511261,True,True
5133,"Pick up the red rectangular peg, keep it vertical, and insert it into the rectangular slot.",-0.0035441904328763485,-0.0004924550885334611,-0.0424472950398922,0.0,0.0,0.0,-1.0,-8.739810436964035e-05,-0.007257774472236633,0.006994808092713356,0.0,0.0,0.010554416105151176,0.996049165725708,0.019888071343302727,0.2951810956001282,-0.6824185848236084,False,False
2526,"Pick up the red rectangular peg, keep it vertical, and insert it into the rectangular slot.",-0.00014328407996799797,0.00010679534170776606,0.00039119183202274144,0.0,0.0,0.0,-1.0,0.010211009532213211,0.0027250894345343113,-0.033785488456487656,0.0,0.0,0.02442104183137417,0.9865167140960693,0.015716424211859703,0.2940124571323395,-0.9450874924659729,False,False
4502,"Pick up the red rectangular peg, keep it vertical, and insert it into the rectangular slot.",-0.00024348356237169355,-0.0031086697708815336,-0.011345135979354382,0.0,0.0,0.0,1.0,0.01188511773943901,0.0029076808132231236,-0.05635247752070427,0.0,0.0,0.02124066650867462,0.9909490346908569,0.021050764247775078,0.013349131681025028,0.9246994853019714,True,True
4773,"Pick up the red rectangular peg, keep it vertical, and insert it into the rectangular slot.",-0.0035441904328763485,-0.0004924550885334611,-0.0424472950398922,0.0,0.0,0.0,-1.0,0.007250466849654913,0.0013355487026274204,-0.024932697415351868,0.0,0.0,0.01220555230975151,0.996010422706604,0.010045752860605717,0.29119330644607544,0.9317703247070312,True,False
2466,"Pick up the red rectangular peg, keep it vertical, and insert it into the rectangular slot.",-0.00014328407996799797,0.00010679534170776606,0.00039119183202274144,0.0,0.0,0.0,-1.0,0.010061679407954216,-0.006361911538988352,0.006382307969033718,0.0,0.0,0.008342001587152481,0.9991176128387451,0.007554928306490183,0.2900177836418152,0.0646575540304184,True,False
2586,"Pick up the red rectangular peg, keep it vertical, and insert it into the rectangular slot.",-0.00014328407996799797,0.00010679534170776606,0.00039119183202274144,0.0,0.0,0.0,-1.0,0.025515936315059662,-0.0020446067210286856,-0.040278006345033646,0.0,0.0,-0.002730569802224636,0.9760352373123169,0.022826606407761574,0.2924636900424957,-0.9564372301101685,False,False
2493,"Pick up the red rectangular peg, keep it vertical, and insert it into the rectangular slot.",0.019999999552965164,0.0008076824015006423,-0.019999999552965164,0.0,0.0,-0.001843047677539289,1.0,0.014412160962820053,0.00014260690659284592,-0.017973044887185097,0.0,0.0,0.005361155606806278,1.008441686630249,0.0027599565219134092,0.003417965490370989,0.9937618374824524,True,True
5545,"Pick up the red rectangular peg, keep it vertical, and insert it into the rectangular slot.",-0.00024348356237169355,-0.0031086697708815336,-0.011345135979354382,0.0,0.0,0.0,1.0,0.014091978780925274,0.00367520609870553,-0.04831510782241821,0.0,0.0,0.010797716677188873,0.9847767353057861,0.019363103434443474,0.012015755288302898,0.8981927633285522,True,True
3213,"Pick up the red rectangular peg, keep it vertical, and insert it into the rectangular slot.",0.019999999552965164,0.0008076824015006423,-0.019999999552965164,0.0,0.0,-0.001843047677539289,1.0,0.002068186178803444,-0.006035510450601578,0.0018590213730931282,0.0,0.0,0.0075355288572609425,1.0011898279190063,0.015544675290584564,0.008171775378286839,-0.003677379572764039,False,True
2766,"Pick up the red rectangular peg, keep it vertical, and insert it into the rectangular slot.",-0.00014328407996799797,0.00010679534170776606,0.00039119183202274144,0.0,0.0,0.0,-1.0,0.012048200704157352,-5.316222086548805e-05,-0.04793502762913704,0.0,0.0,0.010351283475756645,0.9913359880447388,0.02022588811814785,0.29462358355522156,-0.9636250734329224,False,False
6025,"Pick up the red rectangular peg, keep it vertical, and insert it into the rectangular slot.",-0.00024348356237169355,-0.0031086697708815336,-0.011345135979354382,0.0,0.0,0.0,1.0,0.009118140675127506,-0.0027786530554294586,-0.018729573115706444,0.0,0.0,0.006177041679620743,0.9988085031509399,0.005692026112228632,0.0034920882899314165,0.8853068947792053,True,True
4622,"Pick up the red rectangular peg, keep it vertical, and insert it into the rectangular slot.",-0.00024348356237169355,-0.0031086697708815336,-0.011345135979354382,0.0,0.0,0.0,1.0,0.0016053300350904465,-0.005259694531559944,-0.005989755969494581,0.0,0.0,0.006285235285758972,0.97959303855896,0.003118406282737851,0.0051496303640306,0.8771041035652161,True,True
5222,"Pick up the red rectangular peg, keep it vertical, and insert it into the rectangular slot.",-0.00024348356237169355,-0.0031086697708815336,-0.011345135979354382,0.0,0.0,0.0,1.0,0.009386539459228516,0.001375481951981783,-0.03511834517121315,0.0,0.0,0.013346769846975803,0.9829214811325073,0.012629128061234951,0.00975895393639803,0.9155457019805908,True,True
3153,"Pick up the red rectangular peg, keep it vertical, and insert it into the rectangular slot.",0.019999999552965164,0.0008076824015006423,-0.019999999552965164,0.0,0.0,-0.001843047677539289,1.0,0.006868276279419661,-0.004155141767114401,-0.0036506634205579758,0.0,0.0,-0.002936030738055706,0.980492115020752,0.011481295339763165,0.007863535545766354,0.8296633362770081,True,True
5793,"Pick up the red rectangular peg, keep it vertical, and insert it into the rectangular slot.",0.0,0.0,-0.07999999821186066,0.0,0.0,0.0,-1.0,0.0158679336309433,0.0017009000293910503,-0.02650766260921955,0.0,0.0,0.013276216574013233,0.9841746091842651,0.023687057197093964,0.295501708984375,0.8567185997962952,True,False
5433,"Pick up the red rectangular peg, keep it vertical, and insert it into the rectangular slot.",0.0,0.0,-0.07999999821186066,0.0,0.0,0.0,-1.0,0.0003130398690700531,-0.0060649155639112,-0.0012539767194539309,0.0,0.0,-0.00019095279276371002,0.9925352334976196,0.02837465889751911,0.296835720539093,0.2022184282541275,True,False
3006,"Pick up the red rectangular peg, keep it vertical, and insert it into the rectangular slot.",-0.00014328407996799797,0.00010679534170776606,0.00039119183202274144,0.0,0.0,0.0,-1.0,0.022506313398480415,0.0018469630740582943,-0.036325469613075256,0.0,0.0,0.014475693926215172,1.0083566904067993,0.02036880888044834,0.2977055013179779,-0.9370657801628113,False,False
2346,"Pick up the red rectangular peg, keep it vertical, and insert it into the rectangular slot.",-0.00014328407996799797,0.00010679534170776606,0.00039119183202274144,0.0,0.0,0.0,-1.0,0.008558329194784164,-0.003849538043141365,-0.011172778904438019,0.0,0.0,0.007626276928931475,0.9924688339233398,0.00807397160679102,0.2891881465911865,-0.9574293494224548,False,False
5253,"Pick up the red rectangular peg, keep it vertical, and insert it into the rectangular slot.",-0.0035441904328763485,-0.0004924550885334611,-0.0424472950398922,0.0,0.0,0.0,-1.0,0.00414783600717783,-0.008687082678079605,2.4180742911994457e-05,0.0,0.0,0.008337084203958511,0.9914547204971313,0.019452709704637527,0.2940213978290558,-0.027919907122850418,False,False
4893,"Pick up the red rectangular peg, keep it vertical, and insert it into the rectangular slot.",-0.0035441904328763485,-0.0004924550885334611,-0.0424472950398922,0.0,0.0,0.0,-1.0,0.012006031349301338,-0.003681397996842861,-0.017595628276467323,0.0,0.0,-0.004042268730700016,0.9919674396514893,0.01453027781099081,0.29137152433395386,0.7668467164039612,True,False
4713,"Pick up the red rectangular peg, keep it vertical, and insert it into the rectangular slot.",-0.0035441904328763485,-0.0004924550885334611,-0.0424472950398922,0.0,0.0,0.0,-1.0,0.009244769811630249,-0.006099478341639042,-0.015349293127655983,0.0,0.0,0.009547805413603783,1.0113400220870972,0.015164662152528763,0.29519742727279663,0.7711517810821533,True,False
2973,"Pick up the red rectangular peg, keep it vertical, and insert it into the rectangular slot.",0.019999999552965164,0.0008076824015006423,-0.019999999552965164,0.0,0.0,-0.001843047677539289,1.0,0.016048384830355644,-0.0010929913260042667,-0.025378873571753502,0.0,0.0,0.009345021098852158,1.0072251558303833,0.0037437209393829107,0.0042349123395979404,0.9734813570976257,True,True
4953,"Pick up the red rectangular peg, keep it vertical, and insert it into the rectangular slot.",-0.0035441904328763485,-0.0004924550885334611,-0.0424472950398922,0.0,0.0,0.0,-1.0,0.004693179856985807,-0.004708236549049616,-0.008401105180382729,0.0,0.0,0.0007786788046360016,0.9968630075454712,0.015499780885875225,0.29202014207839966,0.7500455975532532,True,False
2913,"Pick up the red rectangular peg, keep it vertical, and insert it into the rectangular slot.",0.019999999552965164,0.0008076824015006423,-0.019999999552965164,0.0,0.0,-0.001843047677539289,1.0,0.007058852352201939,-0.001039288006722927,-0.004915614612400532,0.0,0.0,0.00393164437264204,0.9844117164611816,0.009957500733435154,0.007319353986531496,0.9734280109405518,True,True
4833,"Pick up the red rectangular peg, keep it vertical, and insert it into the rectangular slot.",-0.0035441904328763485,-0.0004924550885334611,-0.0424472950398922,0.0,0.0,0.0,-1.0,0.010278911329805851,-0.00011005066335201263,-0.03218936547636986,0.0,0.0,0.002726403996348381,0.9954357147216797,0.00815447885543108,0.2889464795589447,0.9239670038223267,True,False
2886,"Pick up the red rectangular peg, keep it vertical, and insert it into the rectangular slot.",-0.00014328407996799797,0.00010679534170776606,0.00039119183202274144,0.0,0.0,0.0,-1.0,0.012472429312765598,9.974092245101929e-05,-0.03289275988936424,0.0,0.0,0.008071685209870338,0.9945625066757202,0.01530224084854126,0.29264870285987854,-0.9679088592529297,False,False
5665,"Pick up the red rectangular peg, keep it vertical, and insert it into the rectangular slot.",-0.00024348356237169355,-0.0031086697708815336,-0.011345135979354382,0.0,0.0,0.0,1.0,0.016116002574563026,-0.0018888365011662245,-0.012753777205944061,0.0,0.0,0.019750574603676796,0.993483304977417,0.0063293203711509705,0.006465032696723938,0.6038820147514343,True,True
5013,"Pick up the red rectangular peg, keep it vertical, and insert it into the rectangular slot.",-0.0035441904328763485,-0.0004924550885334611,-0.0424472950398922,0.0,0.0,0.0,-1.0,0.00833875685930252,-0.005673346109688282,-0.036944638937711716,0.0,0.0,0.010930688120424747,1.0053789615631104,0.007522165309637785,0.2912680208683014,0.9448848366737366,True,False
4593,"Pick up the red rectangular peg, keep it vertical, and insert it into the rectangular slot.",-0.0035441904328763485,-0.0004924550885334611,-0.0424472950398922,0.0,0.0,0.0,-1.0,0.016225500032305717,0.0010219058021903038,-0.022043293341994286,0.0,0.0,-0.003989127464592457,0.9893608093261719,0.013896018266677856,0.2907197177410126,0.7522275447845459,True,False
3093,"Pick up the red rectangular peg, keep it vertical, and insert it into the rectangular slot.",0.019999999552965164,0.0008076824015006423,-0.019999999552965164,0.0,0.0,-0.001843047677539289,1.0,0.016460860148072243,0.002510016318410635,-0.011914132162928581,0.0,0.0,0.015090200118720531,0.9825594425201416,0.004442446865141392,0.006814449559897184,0.9830562472343445,True,True
5102,"Pick up the red rectangular peg, keep it vertical, and insert it into the rectangular slot.",-0.00024348356237169355,-0.0031086697708815336,-0.011345135979354382,0.0,0.0,0.0,1.0,0.007881944999098778,-0.008249307051301003,-0.03137407824397087,0.0,0.0,0.012002665549516678,0.9960368871688843,0.01109833549708128,0.007037254981696606,0.9665836691856384,True,True
3126,"Pick up the red rectangular peg, keep it vertical, and insert it into the rectangular slot.",-0.00014328407996799797,0.00010679534170776606,0.00039119183202274144,0.0,0.0,0.0,-1.0,0.01344425231218338,0.00023368420079350471,-0.035719070583581924,0.0,0.0,0.011080059222877026,0.996289849281311,0.016608228906989098,0.2938849627971649,-0.96710205078125,False,False
4922,"Pick up the red rectangular peg, keep it vertical, and insert it into the rectangular slot.",-0.00024348356237169355,-0.0031086697708815336,-0.011345135979354382,0.0,0.0,0.0,1.0,0.008677361533045769,-0.001641714945435524,-0.0249634962528944,0.0,0.0,0.009683225303888321,1.0073583126068115,0.008002053014934063,0.005863957107067108,0.9186349511146545,True,True
2646,"Pick up the red rectangular peg, keep it vertical, and insert it into the rectangular slot.",-0.00014328407996799797,0.00010679534170776606,0.00039119183202274144,0.0,0.0,0.0,-1.0,0.022186115384101868,0.004336195532232523,-0.04029872268438339,0.0,0.0,0.008475946262478828,0.9889453649520874,0.022416239604353905,0.2949528694152832,-0.9299583435058594,False,False
5673,"Pick up the red rectangular peg, keep it vertical, and insert it into the rectangular slot.",0.0,0.0,-0.07999999821186066,0.0,0.0,0.0,-1.0,0.004136283881962299,-0.002534085651859641,-0.03222956135869026,0.0,0.0,0.0005554836243391037,0.985751748085022,0.01814693585038185,0.2915354371070862,0.9888625741004944,True,False
2673,"Pick up the red rectangular peg, keep it vertical, and insert it into the rectangular slot.",0.019999999552965164,0.0008076824015006423,-0.019999999552965164,0.0,0.0,-0.001843047677539289,1.0,0.00435673538595438,-0.002516496228054166,-0.03809360787272453,0.0,0.0,0.020679417997598648,0.9814498424530029,0.012353683821856976,0.011161953210830688,0.7790060043334961,True,True
2733,"Pick up the red rectangular peg, keep it vertical, and insert it into the rectangular slot.",0.019999999552965164,0.0008076824015006423,-0.019999999552965164,0.0,0.0,-0.001843047677539289,1.0,0.008967527188360691,-0.0008897418156266212,-0.01201733760535717,0.0,0.0,-0.0034589702263474464,0.9978550672531128,0.006904186215251684,0.003496201941743493,0.9857724905014038,True,True
3066,"Pick up the red rectangular peg, keep it vertical, and insert it into the rectangular slot.",-0.00014328407996799797,0.00010679534170776606,0.00039119183202274144,0.0,0.0,0.0,-1.0,0.002705393359065056,-0.007566507905721664,-0.021857067942619324,0.0,0.0,0.016647834330797195,0.9917855262756348,0.010923412628471851,0.2916004955768585,-0.9731044769287109,False,False
4562,"Pick up the red rectangular peg, keep it vertical, and insert it into the rectangular slot.",-0.00024348356237169355,-0.0031086697708815336,-0.011345135979354382,0.0,0.0,0.0,1.0,-0.004572978243231773,-0.0053541697561740875,-0.03391442447900772,0.0,0.0,0.0033385520800948143,0.9946832656860352,0.009714760817587376,0.005399938672780991,0.9876823425292969,True,True
4742,"Pick up the red rectangular peg, keep it vertical, and insert it into the rectangular slot.",-0.00024348356237169355,-0.0031086697708815336,-0.011345135979354382,0.0,0.0,0.0,1.0,0.007600114215165377,-0.000700194388628006,-0.007500729989260435,0.0,0.0,-0.001128915697336197,0.9915199279785156,0.004698826465755701,0.003386495402082801,0.6784597039222717,True,True
